sch_grp,N_total,n_total,strata,contributors_total,retirees_total,contributions_total,benefits_total,N_scale_C,N_scale_R,money_scale_C,money_scale_R,regr_0_target,retir_0_target,regr_0_weighted,retir_0_weighted,deaths_expected_w,deaths_achieved_w
C,1734168.0000000002,4322.76,18,1734168.0,225768.0,3375690000.0,3628280000.0,0.9803921568461176,0.9804008418919954,1.009890506873867,0.9887180177677756,277819.0,18231.0,268269.45824827213,21757.035277298,370702.1877493305,366418.98276314884
R,225768.0,1505.52,16,1734168.0,225768.0,3375690000.0,3628280000.0,0.9803921568461176,0.9804008418919954,1.009890506873867,0.9887180177677756,277819.0,18231.0,268269.45824827213,21757.035277298,370702.1877493305,366418.98276314884
N,9563907.5999,4322.76,18,1734168.0,225768.0,3375690000.0,3628280000.0,0.9803921568461176,0.9804008418919954,1.009890506873867,0.9887180177677756,277819.0,18231.0,268269.45824827213,21757.035277298,370702.1877493305,366418.98276314884
