sch_grp,N_total,n_total,strata,contributors_total,retirees_total,contributions_total,benefits_total,N_scale_C,N_scale_R,money_scale_C,money_scale_R,regr_0_target,retir_0_target,regr_0_weighted,retir_0_weighted,deaths_expected_w,deaths_achieved_w
C,1440423.9999999998,4238,18,1440424.0,189549.0,1947340000.0,2189650000.0,0.9999999999722302,0.999994724347138,1.0081498243469613,1.0003616947982619,281328.0,31483.0,260247.6676753952,31860.7787749819,62608.9380201642,86291.18592460721
R,189549.0,1555,16,1440424.0,189549.0,1947340000.0,2189650000.0,0.9999999999722302,0.999994724347138,1.0081498243469613,1.0003616947982619,281328.0,31483.0,260247.6676753952,31860.7787749819,62608.9380201642,86291.18592460721
N,7875928.0001,4238,18,1440424.0,189549.0,1947340000.0,2189650000.0,0.9999999999722302,0.999994724347138,1.0081498243469613,1.0003616947982619,281328.0,31483.0,260247.6676753952,31860.7787749819,62608.9380201642,86291.18592460721
