sch_grp,N_total,n_total,strata,contributors_total,retirees_total,contributions_total,benefits_total,N_scale_C,N_scale_R,money_scale_C,money_scale_R,regr_0_target,retir_0_target,regr_0_weighted,retir_0_weighted,deaths_expected_w,deaths_achieved_w
C,2007411.0,4239,18,2007411.0,254056.0,8800000000.0,6500000000.0,1.00000000006476,1.0,1.008026416039759,0.9974710220015306,357567.0,19022.0,343605.6714228802,15645.747588978353,79145.64911068833,102333.94610447013
R,254056.0,1552,16,2007411.0,254056.0,8800000000.0,6500000000.0,1.00000000006476,1.0,1.008026416039759,0.9974710220015306,357567.0,19022.0,343605.6714228802,15645.747588978353,79145.64911068833,102333.94610447013
N,10632297.0001,4239,18,2007411.0,254056.0,8800000000.0,6500000000.0,1.00000000006476,1.0,1.008026416039759,0.9974710220015306,357567.0,19022.0,343605.6714228802,15645.747588978353,79145.64911068833,102333.94610447013
