sch_grp,N_total,n_total,strata,contributors_total,retirees_total,contributions_total,benefits_total,N_scale_C,N_scale_R,money_scale_C,money_scale_R,regr_0_target,retir_0_target,regr_0_weighted,retir_0_weighted,deaths_expected_w,deaths_achieved_w
C,1625255.0,4236,18,1625255.0,215852.0,2454000000.0,2945708000.0,0.9999999999015539,1.0,1.0079192958836645,1.0007800663707116,296269.0,27889.0,282253.35178004776,28737.373597423066,50787.47058385843,48081.67720373964
R,215852.0,1552,16,1625255.0,215852.0,2454000000.0,2945708000.0,0.9999999999015539,1.0,1.0079192958836645,1.0007800663707116,296269.0,27889.0,282253.35178004776,28737.373597423066,50787.47058385843,48081.67720373964
N,5113265.5645,2373,10,1625255.0,215852.0,2454000000.0,2945708000.0,0.9999999999015539,1.0,1.0079192958836645,1.0007800663707116,296269.0,27889.0,282253.35178004776,28737.373597423066,50787.47058385843,48081.67720373964
