sch_grp,N_total,n_total,strata,contributors_total,retirees_total,contributions_total,benefits_total,N_scale_C,N_scale_R,money_scale_C,money_scale_R,regr_0_target,retir_0_target,regr_0_weighted,retir_0_weighted,deaths_expected_w,deaths_achieved_w
C,1843833.0,4238,18,1843833.0,235762.0,4356235000.0,4170289000.0000005,0.9999999999294946,0.9999957584523441,1.0081948615629948,0.9989695203329784,317308.0,17371.0,311097.7654896374,16138.219346715261,74333.01545753387,96142.79914604471
R,235762.0,1552,16,1843833.0,235762.0,4356235000.0,4170289000.0000005,0.9999999999294946,0.9999957584523441,1.0081948615629948,0.9989695203329784,317308.0,17371.0,311097.7654896374,16138.219346715261,74333.01545753387,96142.79914604471
N,9765154.9998,4238,18,1843833.0,235762.0,4356235000.0,4170289000.0000005,0.9999999999294946,0.9999957584523441,1.0081948615629948,0.9989695203329784,317308.0,17371.0,311097.7654896374,16138.219346715261,74333.01545753387,96142.79914604471
