sch_grp,N_total,n_total,strata,contributors_total,retirees_total,contributions_total,benefits_total,N_scale_C,N_scale_R,money_scale_C,money_scale_R,regr_0_target,retir_0_target,regr_0_weighted,retir_0_weighted,deaths_expected_w,deaths_achieved_w
C,1734167.9999999998,4239,18,1734168.0,225768.0,3375690000.0,3628280000.0,1.0000000000172993,1.0,1.0079525097272537,0.9997613843626776,277819.0,18231.0,275029.2649876436,17175.212186720626,80378.73560949054,100957.1146890049
R,225768.0,1552,16,1734168.0,225768.0,3375690000.0,3628280000.0,1.0000000000172993,1.0,1.0079525097272537,0.9997613843626776,277819.0,18231.0,275029.2649876436,17175.212186720626,80378.73560949054,100957.1146890049
N,9964264.0,4239,18,1734168.0,225768.0,3375690000.0,3628280000.0,1.0000000000172993,1.0,1.0079525097272537,0.9997613843626776,277819.0,18231.0,275029.2649876436,17175.212186720626,80378.73560949054,100957.1146890049
