sch_grp,N_total,n_total,strata,contributors_total,retirees_total,contributions_total,benefits_total,N_scale_C,N_scale_R,money_scale_C,money_scale_R,regr_0_target,retir_0_target,regr_0_weighted,retir_0_weighted,deaths_expected_w,deaths_achieved_w
C,1951493.9999999998,4238,18,1951494.0,244810.0,6014789000.0,5458070000.0,0.9999999999282599,0.9999918304658268,1.0081917677651084,0.9992796038000279,338198.0,19294.0,329858.4374998678,17495.05971923037,78567.56221788852,100252.51087763658
R,244810.0,1553,16,1951494.0,244810.0,6014789000.0,5458070000.0,0.9999999999282599,0.9999918304658268,1.0081917677651084,0.9992796038000279,338198.0,19294.0,329858.4374998678,17495.05971923037,78567.56221788852,100252.51087763658
N,10509706.9998,4238,18,1951494.0,244810.0,6014789000.0,5458070000.0,0.9999999999282599,0.9999918304658268,1.0081917677651084,0.9992796038000279,338198.0,19294.0,329858.4374998678,17495.05971923037,78567.56221788852,100252.51087763658
