sch_grp,N_total,n_total,strata,contributors_total,retirees_total,contributions_total,benefits_total,N_scale_C,N_scale_R,money_scale_C,money_scale_R,regr_0_target,retir_0_target,regr_0_weighted,retir_0_weighted,deaths_expected_w,deaths_achieved_w
C,1547407.0,4238,18,1547407.0,200000.0,2213000000.0,2495445000.0,1.0000000000323122,1.000005000025,1.0081615243703403,1.000063870140354,281311.0,30950.0,276184.34136793425,33245.68049443967,66563.70084303783,85395.4830822153
R,200000.0,1553,16,1547407.0,200000.0,2213000000.0,2495445000.0,1.0000000000323122,1.000005000025,1.0081615243703403,1.000063870140354,281311.0,30950.0,276184.34136793425,33245.68049443967,66563.70084303783,85395.4830822153
N,8480400.0001,4238,18,1547407.0,200000.0,2213000000.0,2495445000.0,1.0000000000323122,1.000005000025,1.0081615243703403,1.000063870140354,281311.0,30950.0,276184.34136793425,33245.68049443967,66563.70084303783,85395.4830822153
