cal_yr,sex,rr_overall
2020,F,0.6525349374519073
2020,M,0.6025237206480543
2021,F,0.9416865881916283
2021,M,0.8801391511635193
