cal_yr,sex,rr_overall
2020,F,0.6491846786332705
2020,M,0.6072117671601154
2021,F,0.9426631593959048
2021,M,0.8793647676826403
