sch_grp,N_total,n_total,strata,contributors_total,retirees_total,contributions_total,benefits_total,scale_factor_C,scale_factor_R
C,1734168.0,4238,18,1734168.0,225768.0,3375690000.0,3628280000.0,1.0000000000172993,1.0000088587298352
R,225768.0,1476,16,1734168.0,225768.0,3375690000.0,3628280000.0,1.0000000000172993,1.0000088587298352
N,9376380.0001,4238,18,1734168.0,225768.0,3375690000.0,3628280000.0,1.0000000000172993,1.0000088587298352
